BEGIN TRANSACTION;
INSERT INTO "Chats" ("id","username_1","username_2","ult_mensaje","fecha_ult") VALUES (2,'alaimiranda','rubenmatey','Hola','2025-05-13T09:00:16.641Z');
INSERT INTO "Chats" ("id","username_1","username_2","ult_mensaje","fecha_ult") VALUES (3,'rubenmatey','gallo','adios','2025-05-14T15:58:40.441Z');
INSERT INTO "Guardados" ("user","id") VALUES ('alaimiranda',18);
INSERT INTO "Guardados" ("user","id") VALUES ('luciacampos',18);
INSERT INTO "Guardados" ("user","id") VALUES ('alaimiranda',21);
INSERT INTO "Guardados" ("user","id") VALUES ('alaimiranda',25);
INSERT INTO "Guardados" ("user","id") VALUES ('user',26);
INSERT INTO "Guardados" ("user","id") VALUES ('rubenmatey',18);
INSERT INTO "Guardados" ("user","id") VALUES ('rubenmatey',23);
INSERT INTO "Guardados" ("user","id") VALUES ('rubenmatey',25);
INSERT INTO "Guardados" ("user","id") VALUES ('rubenmatey',27);
INSERT INTO "Guardados" ("user","id") VALUES ('gallo',64);
INSERT INTO "Guardados" ("user","id") VALUES ('gallo',18);
INSERT INTO "Likes" ("idPost","idUsuario") VALUES (23,4);
INSERT INTO "Likes" ("idPost","idUsuario") VALUES (18,4);
INSERT INTO "Likes" ("idPost","idUsuario") VALUES (26,4);
INSERT INTO "Likes" ("idPost","idUsuario") VALUES (25,4);
INSERT INTO "Likes" ("idPost","idUsuario") VALUES (24,4);
INSERT INTO "Likes" ("idPost","idUsuario") VALUES (18,1);
INSERT INTO "Likes" ("idPost","idUsuario") VALUES (26,1);
INSERT INTO "Likes" ("idPost","idUsuario") VALUES (25,1);
INSERT INTO "Likes" ("idPost","idUsuario") VALUES (18,5);
INSERT INTO "Likes" ("idPost","idUsuario") VALUES (23,5);
INSERT INTO "Likes" ("idPost","idUsuario") VALUES (27,5);
INSERT INTO "Likes" ("idPost","idUsuario") VALUES (21,5);
INSERT INTO "Likes" ("idPost","idUsuario") VALUES (64,12);
INSERT INTO "Likes" ("idPost","idUsuario") VALUES (18,12);
INSERT INTO "Mensajes" ("id","id_chat","username","fecha","mensaje") VALUES (4,2,'alaimiranda','2025-05-13T09:00:16.641Z','Hola');
INSERT INTO "Mensajes" ("id","id_chat","username","fecha","mensaje") VALUES (5,3,'rubenmatey','2025-05-14T15:57:51.977Z','Hola');
INSERT INTO "Mensajes" ("id","id_chat","username","fecha","mensaje") VALUES (6,3,'gallo','2025-05-14T15:58:40.441Z','adios');
INSERT INTO "Multimedia" ("post_id","pos","archivo","texto") VALUES (21,1,'pollo1.jpg','Sala un filete de pollo, reboza en huevo y pan rallado, fríe hasta dorar, monta en pan con lechuga, tomate y queso.');
INSERT INTO "Multimedia" ("post_id","pos","archivo","texto") VALUES (21,2,'pollo2.jpg','Sala un filete de pollo, reboza en huevo y pan rallado, fríe hasta dorar, monta en pan con lechuga, tomate y queso.');
INSERT INTO "Multimedia" ("post_id","pos","archivo","texto") VALUES (23,1,'garbanzos1.jpg','Haz un sofrito de cebolla y añade');
INSERT INTO "Multimedia" ("post_id","pos","archivo","texto") VALUES (20,1,'panConAceite1.jpg','Coge una rebanada de pan y échale tu aceite favorito por encima.');
INSERT INTO "Multimedia" ("post_id","pos","archivo","texto") VALUES (18,2,'carbonara1.jpg','Separa las yemas de los huevos y dejalas en un bol grande');
INSERT INTO "Multimedia" ("post_id","pos","archivo","texto") VALUES (18,1,'carbonara.jpg','Ingredientes: 2-3 huevos/persona, 125gr de pasta/persona, 50gr de guanciale/persona, queso rallado, pimienta negra');
INSERT INTO "Multimedia" ("post_id","pos","archivo","texto") VALUES (18,3,'carbonara2.jpg','Echa queso rallado y pimienta a tu gusto al bol y bátelo todo junto hasta que se quede todo bien integrado. Añádele luego una cucharada del agua de la olla de la pasta para liquidar la salsa.');
INSERT INTO "Multimedia" ("post_id","pos","archivo","texto") VALUES (18,4,'carbonara3.jpg','Corta el guanciale en tiras pequeñas y échalas a una sartén sin aceite. Cocinalos hasta que doren y suelten toda la grasa y déjalos en la sartén hasta que se cocine la pasta.');
INSERT INTO "Multimedia" ("post_id","pos","archivo","texto") VALUES (18,5,'carbonara4.jpg','Cocina tu pasta preferida y cuando termine de cocerse, échala a la sartén con el guanciale y su grasa. Remueve bien para que la pasta chupe toda la grasa líquida y después echa todo al bol de la salsa.');
INSERT INTO "Multimedia" ("post_id","pos","archivo","texto") VALUES (18,6,'carbonara5.jpg','Emplata y remata el plato con todo el queso rallado y la pimienta que quieras, y a disfrutar!');
INSERT INTO "Multimedia" ("post_id","pos","archivo","texto") VALUES (19,1,'lentejas.jpg','Sofríe cebolla, pimiento, zanahoria, ajo y chorizo en aceite, añade tomate y pimentón, agrega lentejas, agua, laurel y sal, y cocina 25-35 min.');
INSERT INTO "Multimedia" ("post_id","pos","archivo","texto") VALUES (27,1,'gazpacho.jpg','Tritura tomate, pepino, pimiento, ajo, pan remojado, aceite, vinagre, sal y agua, cuela y enfría.');
INSERT INTO "Multimedia" ("post_id","pos","archivo","texto") VALUES (24,1,'ensaladaGarbanzos.jpg','Mezcla garbanzos cocidos, tomate, pepino, pimiento, cebolla, aceitunas, perejil, aceite, limón, sal y comino.');
INSERT INTO "Multimedia" ("post_id","pos","archivo","texto") VALUES (25,1,'tortilla.jpg','Bate huevos con sal, mezcla con patatas fritas en aceite y SIN CEBOLLA, cuaja en sartén y dale la vuelta.');
INSERT INTO "Multimedia" ("post_id","pos","archivo","texto") VALUES (26,1,'paellaMarisco.jpg','Sofríe cebolla, ajo y pimiento en aceite, añade arroz, caldo de pescado, azafrán, gambas, mejillones y calamares, cocina 18 min sin remover.');
INSERT INTO "Multimedia" ("post_id","pos","archivo","texto") VALUES (62,1,'hamburguesa.jpg','haz una hamburguesa');
INSERT INTO "Multimedia" ("post_id","pos","archivo","texto") VALUES (63,1,'298c67bd6eca62a77122db2c1301ed64','Bocata lomo ya');
INSERT INTO "Multimedia" ("post_id","pos","archivo","texto") VALUES (64,1,'b66d0a7ae6899b5cf5723beb55e5ccac','em pa ni da llas');
INSERT INTO "Posts" ("id","titulo","creador_1","creador_2","creador_3","creador_4","creador_5","fecha","likes") VALUES (18,'Pasta Carbonara','gallo','catalina3','alaimiranda',NULL,NULL,'2025-05-14T17:30:16.000Z',4);
INSERT INTO "Posts" ("id","titulo","creador_1","creador_2","creador_3","creador_4","creador_5","fecha","likes") VALUES (19,'Lentejas con Chorizo','usuarioNormal','luciacampos',NULL,NULL,NULL,'2025-03-07T23:07:25.000Z',0);
INSERT INTO "Posts" ("id","titulo","creador_1","creador_2","creador_3","creador_4","creador_5","fecha","likes") VALUES (20,'Pan con Aceite','usuarioNormal','alaimiranda',NULL,NULL,NULL,'2025-03-07T23:17:11.000Z',0);
INSERT INTO "Posts" ("id","titulo","creador_1","creador_2","creador_3","creador_4","creador_5","fecha","likes") VALUES (21,'Hamburguesa de Pollo','usuarioNormal','admin','rubenmatey','luciacampos','raquel','2025-03-07T23:21:52.000Z',1);
INSERT INTO "Posts" ("id","titulo","creador_1","creador_2","creador_3","creador_4","creador_5","fecha","likes") VALUES (23,'Potaje de Garbanzos','admin','usuarioNormal',NULL,NULL,NULL,'2025-05-08T19:25:23.000Z',2);
INSERT INTO "Posts" ("id","titulo","creador_1","creador_2","creador_3","creador_4","creador_5","fecha","likes") VALUES (24,'Ensalada de Garbanzos','luciacampos','nerelascurain',NULL,NULL,NULL,'2025-05-08T12:10:45.000Z',1);
INSERT INTO "Posts" ("id","titulo","creador_1","creador_2","creador_3","creador_4","creador_5","fecha","likes") VALUES (25,'Tortilla de Patatas','admin','usuarioNormal','user',NULL,NULL,'2025-05-08T14:55:13.000Z',2);
INSERT INTO "Posts" ("id","titulo","creador_1","creador_2","creador_3","creador_4","creador_5","fecha","likes") VALUES (26,'Paella de Marisco','raquel','alaimiranda','rubenmatey','nerelascurain',NULL,'2025-05-08T16:22:01.000Z',2);
INSERT INTO "Posts" ("id","titulo","creador_1","creador_2","creador_3","creador_4","creador_5","fecha","likes") VALUES (27,'Gazpacho Andaluz','user','raquel',NULL,NULL,NULL,'2025-05-08T10:01:36.000Z',1);
INSERT INTO "Posts" ("id","titulo","creador_1","creador_2","creador_3","creador_4","creador_5","fecha","likes") VALUES (62,'hamburguesa completa','catalina3','rubenmatey',NULL,NULL,NULL,'2025-05-14T15:22:36.237Z',0);
INSERT INTO "Posts" ("id","titulo","creador_1","creador_2","creador_3","creador_4","creador_5","fecha","likes") VALUES (63,'Bocata lomo ya','gallo','catalina3','rubenmatey',NULL,NULL,'2025-05-14T15:43:39.017Z',0);
INSERT INTO "Posts" ("id","titulo","creador_1","creador_2","creador_3","creador_4","creador_5","fecha","likes") VALUES (64,'Empanadillas','gallo','rubenmatey',NULL,NULL,NULL,'2025-05-14T15:47:19.469Z',1);
INSERT INTO "Seguimiento" ("seguidor","seguido") VALUES ('alaimiranda','rubenmatey');
INSERT INTO "Seguimiento" ("seguidor","seguido") VALUES ('rubenmatey','alaimiranda');
INSERT INTO "Seguimiento" ("seguidor","seguido") VALUES ('gallo','rubenmatey');
INSERT INTO "Seguimiento" ("seguidor","seguido") VALUES ('rubenmatey','gallo');
INSERT INTO "Usuarios" ("id","username","password","email","rol","fotoperfil") VALUES (1,'user','$2b$10$JdCg8yL3rRkkr.hhx1rjqOe30F9lhBlqA1sjYJW6ymzYExvQFHyjy','user@email.com','U',NULL);
INSERT INTO "Usuarios" ("id","username","password","email","rol","fotoperfil") VALUES (2,'admin','$2b$10$Htah5iG9eKj8ItIItpzK6uvny3c5/QjdZaLwwmFy32RPrfVspNgYS','admin@email.com','A',NULL);
INSERT INTO "Usuarios" ("id","username","password","email","rol","fotoperfil") VALUES (4,'alaimiranda','$2b$10$FyIs4/Pz3NuPHuwhcEMSAemmKU3TSCxF9v3BrDmc6woVSntU30eTm','alaimbl@gmail.com','U',NULL);
INSERT INTO "Usuarios" ("id","username","password","email","rol","fotoperfil") VALUES (5,'rubenmatey','$2b$10$MZoI6wmHC85g77EYuJM1T.BCvFzHXID4WiYsGvSpFxgDcvYKh9vxy','ruben@gmail.com','U',NULL);
INSERT INTO "Usuarios" ("id","username","password","email","rol","fotoperfil") VALUES (6,'usuarioNormal','$2b$10$AvlE7dRKHZ4a4MBn7e.wH.apHBwtvF44Z.DS.TxeFYAjORynJQMaO','usuario@user.com','U',NULL);
INSERT INTO "Usuarios" ("id","username","password","email","rol","fotoperfil") VALUES (7,'nerelascurain','$2b$10$RA9k3rELCaxirZpquUcjx.xwMVEu9NbyLvNl3qg6VXV37KcsBn0M6','nere.lascurain@gmail.com','U',NULL);
INSERT INTO "Usuarios" ("id","username","password","email","rol","fotoperfil") VALUES (8,'luciacampos','$2b$10$dITUDpJfBGCDSxF37UY9UefejMIw4gKNOU1OQ9S92Sy0Tn2Ulv8kq','lucia.campos@gmail.com','U',NULL);
INSERT INTO "Usuarios" ("id","username","password","email","rol","fotoperfil") VALUES (9,'raquel','$2b$10$w2XAVCKcOZhoR0qzYuSdsOSCqs339WVOgktxS1PCoHQ9dcDj/m4mu','raquel@gmail.com','U',NULL);
INSERT INTO "Usuarios" ("id","username","password","email","rol","fotoperfil") VALUES (10,'catalina2','$2b$10$OhYB.FcikFJy.txh4l643Obmmh0EM5M0jDtadsjmwhfyKpz048g1m','catalinaa@gmail.com','U',NULL);
INSERT INTO "Usuarios" ("id","username","password","email","rol","fotoperfil") VALUES (11,'catalina3','$2b$10$ZE7CF.t.vbZ.TJAjjrOpsudRROnK4G9oQ7kz6ABEw.d5t3U6UlNQ6','catalina3@gmail.com','U','677627e7bb64360763542f7912a94442');
INSERT INTO "Usuarios" ("id","username","password","email","rol","fotoperfil") VALUES (12,'gallo','$2b$10$RHjuv2lFiXHEazXMxDoQKuOZzJDxDH4FNcVdlfLqyHqWmbIn9/M.G','gallo@gmail.com','U','1fc8358c07a68305374f79b530a00738');
COMMIT;
